Workbook

Sheet NIST CSF 2.0 Gap Assessment
A1: TAVARES CLAIMS SERVICES, INC. — NIST CSF 2.0 GAP ASSESSMENT
A2: Sample GRC portfolio artifact | Fictional company | Assessed against NIST Cybersecurity Framework 2.0 | Assessment date: 2026-02-01
A4: Function | B4: Category ID | C4: Category / Subcategory | D4: Description | E4: Current Maturity (0-4) | F4: Target Maturity (0-4) | G4: Gap | H4: Priority | I4: Evidence / Current State | J4: Remediation Action | K4: Owner
A5: GOVERN | B5: GV.OC | C5: Organizational Context | D5: The organization's mission, stakeholders, and legal/regulatory/contractual requirements are understood and inform cybersecurity risk management | E5: 3 | F5: 4 | G5: =IF(OR(E5="",F5=""),"",F5-E5) | H5: =IF(G5="","",IF(G5>=2,"High",IF(G5=1,"Medium","Low"))) | I5: Add regulatory-driver field to risk register intake so every risk traces to a specific obligation | J5: Compliance Officer
A6: GOVERN | B6: GV.RM | C6: Risk Management Strategy | D6: Organizational priorities, constraints, and risk tolerance are established and used to support operational risk decisions | E6: 2 | F6: 4 | G6: =IF(OR(E6="",F6=""),"",F6-E6) | H6: =IF(G6="","",IF(G6>=2,"High",IF(G6=1,"Medium","Low"))) | I6: Draft and board-approve a formal risk appetite statement with quantitative thresholds by risk category | J6: CISO
A7: GOVERN | B7: GV.RR | C7: Roles, Responsibilities, and Authorities | D7: Cybersecurity roles, responsibilities, and authorities are established, communicated, and enforced | G7: =IF(OR(E7="",F7=""),"",F7-E7) | H7: =IF(G7="","",IF(G7>=2,"High",IF(G7=1,"Medium","Low"))) | I7: RACI exists for incident response; not yet extended to broader security program governance | J7: Publish enterprise-wide security RACI covering all GRC and engineering functions | K7: CISO
A8: GOVERN | B8: GV.PO | C8: Policy | D8: Organizational cybersecurity policy is established, communicated, and enforced | E8: 3 | F8: 4 | G8: =IF(OR(E8="",F8=""),"",F8-E8) | H8: =IF(G8="","",IF(G8>=2,"High",IF(G8=1,"Medium","Low"))) | I8: Implement policy management tool with automated review reminders and version history | J8: Compliance Officer
A9: GOVERN | B9: GV.OV | C9: Oversight | D9: Results of organization-wide cybersecurity risk management activities are used to inform, improve, and adjust the strategy | E9: 2 | F9: 3 | G9: =IF(OR(E9="",F9=""),"",F9-E9) | H9: =IF(G9="","",IF(G9>=2,"High",IF(G9=1,"Medium","Low"))) | I9: Institute quarterly board-level cybersecurity risk briefing with standardized reporting template | J9: CISO
A10: GOVERN | B10: GV.SC | C10: Cybersecurity Supply Chain Risk Management | D10: Cyber supply chain risk management processes are identified, established, managed, monitored, and improved | E10: 2 | F10: 4 | G10: =IF(OR(E10="",F10=""),"",F10-E10) | H10: =IF(G10="","",IF(G10>=2,"High",IF(G10=1,"Medium","Low"))) | I10: Deploy TPRM platform; require SOC 2/questionnaire before any vendor onboarding | J10: Vendor Risk Manager
A11: IDENTIFY | B11: ID.AM | C11: Asset Management | D11: Assets (data, hardware, software, systems, facilities) are identified and managed | E11: 3 | F11: 4 | G11: =IF(OR(E11="",F11=""),"",F11-E11) | H11: =IF(G11="","",IF(G11>=2,"High",IF(G11=1,"Medium","Low"))) | I11: Deploy SaaS discovery/CASB tooling to close asset visibility gap | J11: IT Asset Manager
A12: IDENTIFY | B12: ID.RA | C12: Risk Assessment | D12: The cybersecurity risk to the organization, assets, and individuals is understood | E12: 3 | F12: 4 | G12: =IF(OR(E12="",F12=""),"",F12-E12) | H12: =IF(G12="","",IF(G12>=2,"High",IF(G12=1,"Medium","Low"))) | I12: Extend risk assessment to include threat-intelligence-informed likelihood scoring | J12: GRC Analyst
A13: IDENTIFY | B13: ID.IM | C13: Improvement | D13: Improvements to organizational cybersecurity risk management processes are identified across all CSF functions | E13: 2 | F13: 3 | G13: =IF(OR(E13="",F13=""),"",F13-E13) | H13: =IF(G13="","",IF(G13>=2,"High",IF(G13=1,"Medium","Low"))) | I13: Stand up CAPA tracker linking incident/audit findings to remediation with due dates and closure verification | J13: CISO
A14: PROTECT | B14: PR.AA | C14: Identity Management, Authentication, and Access Control | D14: Access to physical and logical assets is limited to authorized users, services, and hardware | E14: 2 | F14: 4 | G14: =IF(OR(E14="",F14=""),"",F14-E14) | H14: =IF(G14="","",IF(G14>=2,"High",IF(G14=1,"Medium","Low"))) | I14: Roll out PAM with just-in-time access; complete least-privilege access recertification | J14: IAM Manager
A15: PROTECT | B15: PR.AT | C15: Awareness and Training | D15: Personnel are provided cybersecurity awareness and training | E15: 3 | F15: 4 | G15: =IF(OR(E15="",F15=""),"",F15-E15) | H15: =IF(G15="","",IF(G15>=2,"High",IF(G15=1,"Medium","Low"))) | I15: Move to quarterly training cadence with role-based modules for high-risk groups | J15: Security Awareness Lead
A16: PROTECT | B16: PR.DS | C16: Data Security | D16: Data is managed consistent with the organization's risk strategy to protect confidentiality, integrity, and availability | E16: 2 | F16: 4 | G16: =IF(OR(E16="",F16=""),"",F16-E16) | H16: =IF(G16="","",IF(G16>=2,"High",IF(G16=1,"Medium","Low"))) | I16: Complete encryption-at-rest remediation for all PHI-containing systems; enforce via policy and automated scanning | J16: Data Governance Lead
A17: PROTECT | B17: PR.PS | C17: Platform Security | D17: The hardware, software, and services of physical and virtual platforms are managed consistent with the risk strategy | E17: 3 | F17: 4 | G17: =IF(OR(E17="",F17=""),"",F17-E17) | H17: =IF(G17="","",IF(G17>=2,"High",IF(G17=1,"Medium","Low"))) | I17: Deploy continuous cloud security posture management (CSPM) with automated guardrails | J17: Cloud Security Engineer
A18: PROTECT | B18: PR.IR | C18: Technology Infrastructure Resilience | D18: Security architectures are managed to protect asset confidentiality, integrity, availability, and resilience | E18: 2 | F18: 3 | G18: =IF(OR(E18="",F18=""),"",F18-E18) | H18: =IF(G18="","",IF(G18>=2,"High",IF(G18=1,"Medium","Low"))) | I18: Stand up tested multi-region failover; conduct semi-annual DR tabletop exercises | J18: Director of Infrastructure
A19: DETECT | B19: DE.CM | C19: Continuous Monitoring | D19: Assets are monitored to find anomalies, indicators of compromise, and other potentially adverse events | E19: 3 | F19: 4 | G19: =IF(OR(E19="",F19=""),"",F19-E19) | H19: =IF(G19="","",IF(G19>=2,"High",IF(G19=1,"Medium","Low"))) | I19: Onboard colocation facility logs to SIEM; tune detection rules against MITRE ATT&CK healthcare threat profile | J19: Security Operations Lead
... A24: RECOVER | B24: RC.CO | C24: Incident Recovery Communication | D24: Restoration activities are coordinated with internal and external parties | E24: 3 | F24: 3 | G24: =IF(OR(E24="",F24=""),"",F24-E24) | H24: =IF(G24="","",IF(G24>=2,"High",IF(G24=1,"Medium","Low"))) | I24: Maintain current state | J24: Communications Lead

Sheet Maturity Summary
A1: MATURITY SUMMARY BY FUNCTION
A3: Function | B3: # Categories Assessed | C3: Avg Current Maturity | D3: Avg Target Maturity | E3: Avg Gap
A4: GOVERN | B4: =COUNTIF('NIST CSF 2.0 Gap Assessment'!$A$5:$A$24,A4) | C4: =IFERROR(AVERAGEIF('NIST CSF 2.0 Gap Assessment'!$A$5:$A$24,A4,'NIST CSF 2.0 Gap Assessment'!$E$5:$E$24),"") | D4: =IFERROR(AVERAGEIF('NIST CSF 2.0 Gap Assessment'!$A$5:$A$24,A4,'NIST CSF 2.0 Gap Assessment'!$F$5:$F$24),"") | E4: =IF(OR(C4="",D4=""),"",D4-C4)
A5: IDENTIFY | B5: =COUNTIF('NIST CSF 2.0 Gap Assessment'!$A$5:$A$24,A5) | C5: =IFERROR(AVERAGEIF('NIST CSF 2.0 Gap Assessment'!$A$5:$A$24,A5,'NIST CSF 2.0 Gap Assessment'!$E$5:$E$24),"") | D5: =IFERROR(AVERAGEIF('NIST CSF 2.0 Gap Assessment'!$A$5:$A$24,A5,'NIST CSF 2.0 Gap Assessment'!$F$5:$F$24),"") | E5: =IF(OR(C5="",D5=""),"",D5-C5)
A6: PROTECT | B6: =COUNTIF('NIST CSF 2.0 Gap Assessment'!$A$5:$A$24,A6) | C6: =IFERROR(AVERAGEIF('NIST CSF 2.0 Gap Assessment'!$A$5:$A$24,A6,'NIST CSF 2.0 Gap Assessment'!$E$5:$E$24),"") | D6: =IFERROR(AVERAGEIF('NIST CSF 2.0 Gap Assessment'!$A$5:$A$24,A6,'NIST CSF 2.0 Gap Assessment'!$F$5:$F$24),"") | E6: =IF(OR(C6="",D6=""),"",D6-C6)
A7: DETECT | B7: =COUNTIF('NIST CSF 2.0 Gap Assessment'!$A$5:$A$24,A7) | C7: =IFERROR(AVERAGEIF('NIST CSF 2.0 Gap Assessment'!$A$5:$A$24,A7,'NIST CSF 2.0 Gap Assessment'!$E$5:$E$24),"") | D7: =IFERROR(AVERAGEIF('NIST CSF 2.0 Gap Assessment'!$A$5:$A$24,A7,'NIST CSF 2.0 Gap Assessment'!$F$5:$F$24),"") | E7: =IF(OR(C7="",D7=""),"",D7-C7)
A8: RESPOND | B8: =COUNTIF('NIST CSF 2.0 Gap Assessment'!$A$5:$A$24,A8) | C8: =IFERROR(AVERAGEIF('NIST CSF 2.0 Gap Assessment'!$A$5:$A$24,A8,'NIST CSF 2.0 Gap Assessment'!$E$5:$E$24),"") | D8: =IFERROR(AVERAGEIF('NIST CSF 2.0 Gap Assessment'!$A$5:$A$24,A8,'NIST CSF 2.0 Gap Assessment'!$F$5:$F$24),"") | E8: =IF(OR(C8="",D8=""),"",D8-C8)
A9: RECOVER | B9: =COUNTIF('NIST CSF 2.0 Gap Assessment'!$A$5:$A$24,A9) | C9: =IFERROR(AVERAGEIF('NIST CSF 2.0 Gap Assessment'!$A$5:$A$24,A9,'NIST CSF 2.0 Gap Assessment'!$E$5:$E$24),"") | D9: =IFERROR(AVERAGEIF('NIST CSF 2.0 Gap Assessment'!$A$5:$A$24,A9,'NIST CSF 2.0 Gap Assessment'!$F$5:$F$24),"") | E9: =IF(OR(C9="",D9=""),"",D9-C9)

Sheet Legend & Methodology
A1: GAP ASSESSMENT — METHODOLOGY
A2: Framework | B2: NIST Cybersecurity Framework (CSF) 2.0 — 6 Functions: Govern, Identify, Protect, Detect, Respond, Recover
A3: Maturity Scale | B3: 0 = Not Performed, 1 = Ad Hoc, 2 = Repeatable but Informal, 3 = Defined & Managed, 4 = Optimized/Continuously Improved
A4: Gap | B4: Target Maturity minus Current Maturity, calculated automatically
A5: Priority | B5: Gap >= 2 = High | Gap = 1 = Medium | Gap <= 0 = Low
A6: Scope note | B6: This sample assesses representative Categories, not every CSF Subcategory, to keep the artifact reviewable. A production assessment would score all ~106 CSF 2.0 Subcategories.
A7: Next steps | B7: High-priority gaps feed directly into the Risk Register and inform the annual security roadmap and budget request.
