Workbook

Sheet Dashboard
A1: Northbridge - Third-Party Risk Assessment
A3: Vendor | B3: DataFlow AI | D3: Domain | E3: Weight | F3: Score | G3: Weighted | H3: Highest Risk
A4: Risk Tier | B4: Critical | D4: ='Scorecard'!A2 | E4: ='Scorecard'!B2 | F4: ='Scorecard'!C2 | G4: ='Scorecard'!D2 | H4: ='Scorecard'!F2
A5: Assessment Decision | B5: Conditional Approval | D5: ='Scorecard'!A3 | E5: ='Scorecard'!B3 | F5: ='Scorecard'!C3 | G5: ='Scorecard'!D3 | H5: ='Scorecard'!F3
A6: Weighted Score | B6: =SUM('Scorecard'!D2:D8) | D6: ='Scorecard'!A4 | E6: ='Scorecard'!B4 | F6: ='Scorecard'!C4 | G6: ='Scorecard'!D4 | H6: ='Scorecard'!F4
A7: High Findings | B7: =COUNTIF('Findings Register'!D2:D6,"High") | D7: ='Scorecard'!A5 | E7: ='Scorecard'!B5 | F7: ='Scorecard'!C5 | G7: ='Scorecard'!D5 | H7: ='Scorecard'!F5
A8: Open Findings | B8: =COUNTIF('Findings Register'!J2:J6,"Open") | D8: ='Scorecard'!A6 | E8: ='Scorecard'!B6 | F8: ='Scorecard'!C6 | G8: ='Scorecard'!D6 | H8: ='Scorecard'!F6
A9: Assessment Date | B9: 46247 | D9: ='Scorecard'!A7 | E9: ='Scorecard'!B7 | F9: ='Scorecard'!C7 | G9: ='Scorecard'!D7 | H9: ='Scorecard'!F7
D10: ='Scorecard'!A8 | E10: ='Scorecard'!B8 | F10: ='Scorecard'!C8 | G10: ='Scorecard'!D8 | H10: ='Scorecard'!F8
A12: Top Findings | B12: Domain | C12: Severity | D12: Risk | E12: Recommendation | F12: Owner | G12: Due Date | H12: Status
A13: F-001 | B13: IAM | C13: High | D13: Unauthorized administrative access could affect customer data and service integrity. | E13: Require privileged MFA evidence before production integration. | F13: DataFlow AI Security Lead | G13: 46295 | H13: Open
A14: F-002 | B14: Legal / Incident Response | C14: High | D14: Northbridge may not receive timely notice needed for customer and legal obligations. | E14: Add contract language for timely notification and required incident details. | F14: Northbridge Legal | G14: 46285 | H14: Open
A15: F-003 | B15: Application Security | C15: Medium | D15: Application weaknesses may remain undiscovered longer than Northbridge's target risk tolerance. | E15: Require annual penetration test or documented compensating control. | F15: DataFlow AI Security Lead | G15: 46326 | H15: In Progress
A16: F-004 | B16: Incident Response | C16: Medium | D16: Response roles and communications may be untested during a customer-impacting incident. | E16: Request tabletop evidence or scheduled exercise date. | F16: DataFlow AI Compliance Manager | G16: 46341 | H16: Open
A17: F-005 | B17: Security Awareness | C17: Low | D17: Contractors may not receive the same security awareness expectations as employees. | E17: Expand training evidence to contractor population. | F17: DataFlow AI HR / Compliance | G17: 46371 | H17: Planned

Sheet Vendor Profile
A1: Vendor Profile and Inherent Risk
A3: Vendor | B3: DataFlow AI | C3: Service | D3: AI-assisted customer-support analytics
A4: Data Types | B4: Confidential customer business data; support metadata; limited user identifiers | C4: Hosting | D4: Cloud SaaS
A5: Integration | B5: API integration with Northbridge application and Salesforce | C5: Business Owner | D5: Customer Operations
A6: Inherent Risk Tier | B6: Critical | C6: Assessment Type | D6: Pre-contract security review
A7: Risk Rationale | B7: Processes customer data and integrates with production support workflow | C7: Decision | D7: Conditional Approval
A8: Review Frequency | B8: Annual critical vendor review | C8: Next Review | D8: 46612
A9: Primary Framework | B9: NIST SP 800-161 Rev. 1 Update 1 | C9: Supporting Frameworks | D9: NIST CSF 2.0, CIS v8.1, ISO, SOC 2
A10: Data Location | B10: United States cloud region assumed | C10: Subprocessors | D10: Disclosed by vendor
A11: Contract Status | B11: Security exhibit under legal review | C11: Risk Acceptance Required | D11: No, if high findings close before production
A12: Assessment Owner | B12: Northbridge GRC Lead | C12: Assessment Date | D12: 46247

Sheet Questionnaire
A1: Domain | B1: Question | C1: Response | D1: Evidence Reviewed | E1: Score | F1: Framework Reference
A2: Governance | B2: Does the vendor maintain an information security program with assigned ownership? | C2: Yes | D2: Security policy and org chart | E2: 4 | F2: ISO 27001 Clause 5; NIST CSF GV.RR
A3: Governance | B3: Are security policies reviewed at least annually? | C3: Partial | D3: Policy set provided, review cadence unclear | E3: 3 | F3: ISO 27001 Clause 5; SOC 2 CC1
A4: IAM | B4: Is MFA required for workforce access? | C4: Yes | D4: MFA policy | E4: 4 | F4: CIS 6; NIST 800-53 IA-2
A5: IAM | B5: Is MFA required and evidenced for privileged administrators? | C5: Partial | D5: Policy provided, admin evidence missing | E5: 2 | F5: CIS 6; NIST 800-53 IA-2
A6: IAM | B6: Are access reviews performed for privileged users? | C6: Partial | D6: Access review summary, no sample evidence | E6: 3 | F6: NIST 800-53 AC-2; SOC 2 CC6
A7: Data Security | B7: Is customer data encrypted at rest and in transit? | C7: Yes | D7: Architecture and encryption statement | E7: 5 | F7: ISO 27002; ISO 27017
A8: Data Security | B8: Are retention and deletion requirements documented? | C8: Yes | D8: Retention policy | E8: 4 | F8: ISO 27002; SOC 2 Confidentiality
A9: Data Security | B9: Are subprocessors disclosed? | C9: Yes | D9: Subprocessor list | E9: 4 | F9: NIST CSF GV.SC
A10: Infrastructure | B10: Are vulnerability scans performed regularly? | C10: Yes | D10: Vulnerability procedure | E10: 4 | F10: CIS 7; NIST 800-53 RA-5
A11: Infrastructure | B11: Are critical vulnerabilities remediated under SLA? | C11: Partial | D11: SLA exists, aging evidence limited | E11: 3 | F11: CIS 7; NIST 800-53 SI-2
A12: Infrastructure | B12: Are cloud configuration controls monitored? | C12: Partial | D12: Cloud control summary | E12: 3 | F12: ISO 27017; CIS 4
A13: Application Security | B13: Does the vendor maintain secure SDLC practices? | C13: Yes | D13: SDLC policy | E13: 4 | F13: CIS 16; NIST 800-53 SA-10
... A26: Monitoring | B26: Will Northbridge receive security status or risk updates? | C26: Partial | D26: Customer portal available, no formal cadence | E26: 3 | F26: NIST CSF GV.SC

Sheet Scorecard
A1: Domain | B1: Weight | C1: Score | D1: Weighted Score | E1: Assessment Notes | F1: Highest Risk
A2: Governance | B2: 0.1 | C2: 4 | D2: =B2*(C2/5) | E2: Policies and security ownership exist; risk-review cadence needs improvement. | F2: Medium
A3: IAM | B3: 0.2 | C3: 3 | D3: =B3*(C3/5) | E3: MFA exists, but privileged MFA evidence is incomplete. | F3: High
A4: Data Security | B4: 0.2 | C4: 4 | D4: =B4*(C4/5) | E4: Encryption, retention, and deletion practices are documented. | F4: Medium
A5: Infrastructure Security | B5: 0.15 | C5: 4 | D5: =B5*(C5/5) | E5: Cloud controls exist; configuration evidence is limited. | F5: Medium
A6: Application Security | B6: 0.15 | C6: 3 | D6: =B6*(C6/5) | E6: Secure SDLC exists; penetration testing cadence is below target. | F6: Medium
A7: Incident Response and BCP | B7: 0.1 | C7: 3 | D7: =B7*(C7/5) | E7: Plans exist, but tabletop and notification evidence are incomplete. | F7: High
A8: Compliance and Assurance | B8: 0.1 | C8: 4 | D8: =B8*(C8/5) | E8: SOC 2 evidence is available; exceptions require follow-up. | F8: Medium
A10: Overall Weighted Score | D10: =SUM(D2:D8)
A11: Decision Threshold | B11: >=80% Approve; 65%-79% Conditional; <65% Reject | C11: Decision | D11: =IF(D10>=0.8,"Approve",IF(D10>=0.65,"Conditional Approval","Reject"))

Sheet Findings Register
A1: Finding ID | B1: Domain | C1: Finding | D1: Severity | E1: Evidence Reviewed | F1: Risk | G1: Recommendation | H1: Owner | I1: Due Date | J1: Status | K1: Validation Evidence
A2: F-001 | B2: IAM | C2: Privileged MFA evidence incomplete | D2: High | E2: Vendor provided MFA policy but not an administrator enrollment export or exception list. | F2: Unauthorized administrative access could affect customer data and service integrity. | G2: Require privileged MFA evidence before production integration. | H2: DataFlow AI Security Lead | I2: 46295 | J2: Open | K2: MFA configuration export, admin enrollment evidence, approved exception log
A3: F-002 | B3: Legal / Incident Response | C3: Breach notification terms not contractually specific | D3: High | E3: Security exhibit references incident notification but does not define timeline or minimum content. | F3: Northbridge may not receive timely notice needed for customer and legal obligations. | G3: Add contract language for timely notification and required incident details. | H3: Northbridge Legal | I3: 46285 | J3: Open | K3: Executed contract addendum or redlined clause
A4: F-003 | B4: Application Security | C4: Penetration testing occurs every two years | D4: Medium | E4: Vendor provided last external test summary from 2025 and stated testing is every two years. | F4: Application weaknesses may remain undiscovered longer than Northbridge's target risk tolerance. | G4: Require annual penetration test or documented compensating control. | H4: DataFlow AI Security Lead | I4: 46326 | J4: In Progress | K4: Updated testing schedule or compensating-control approval
A5: F-004 | B5: Incident Response | C5: Tabletop exercise evidence not provided | D5: Medium | E5: Unable to test — evidence not provided. Vendor provided incident-response plan but no recent exercise report. | F5: Response roles and communications may be untested during a customer-impacting incident. | G5: Request tabletop evidence or scheduled exercise date. | H5: DataFlow AI Compliance Manager | I5: 46341 | J5: Open | K5: Exercise report, participant list, lessons learned
A6: F-005 | B6: Security Awareness | C6: Contractor training evidence incomplete | D6: Low | E6: Training report covered employees but did not show contractor completion. | F6: Contractors may not receive the same security awareness expectations as employees. | G6: Expand training evidence to contractor population. | H6: DataFlow AI HR / Compliance | I6: 46371 | J6: Planned | K6: Training completion report including contractors

Sheet Remediation Tracker
A1: Finding ID | B1: Required Action | C1: Owner | D1: Due Date | E1: Status | F1: Days Until Due | G1: Escalation | H1: Closure Criteria
A2: F-001 | B2: Require privileged MFA evidence before production integration. | C2: DataFlow AI Security Lead | D2: 46295 | E2: Open | F2: =DATEDIF(DATE(2026,8,13),D2,"d") | G2: Escalate to CISO if overdue | H2: MFA configuration export, admin enrollment evidence, approved exception log
A3: F-002 | B3: Add contract language for timely notification and required incident details. | C3: Northbridge Legal | D3: 46285 | E3: Open | F3: =DATEDIF(DATE(2026,8,13),D3,"d") | G3: Escalate to CISO if overdue | H3: Executed contract addendum or redlined clause
A4: F-003 | B4: Require annual penetration test or documented compensating control. | C4: DataFlow AI Security Lead | D4: 46326 | E4: In Progress | F4: =DATEDIF(DATE(2026,8,13),D4,"d") | G4: Track in vendor review | H4: Updated testing schedule or compensating-control approval
A5: F-004 | B5: Request tabletop evidence or scheduled exercise date. | C5: DataFlow AI Compliance Manager | D5: 46341 | E5: Open | F5: =DATEDIF(DATE(2026,8,13),D5,"d") | G5: Track in vendor review | H5: Exercise report, participant list, lessons learned
A6: F-005 | B6: Expand training evidence to contractor population. | C6: DataFlow AI HR / Compliance | D6: 46371 | E6: Planned | F6: =DATEDIF(DATE(2026,8,13),D6,"d") | G6: Track in vendor review | H6: Training completion report including contractors

Sheet Decision Memo
A1: Vendor Decision Memo
A3: Vendor | B3: DataFlow AI | C3: Decision | D3: Conditional Approval
A4: Business Need | B4: AI-assisted support analytics for customer operations | C4: Risk Tier | D4: Critical
A5: Rationale | B5: Vendor has a reasonable security foundation, but high findings must close before full production use. | C5: Score | D5: =Scorecard!D10
A6: Required Conditions | B6: Privileged MFA evidence; breach-notification language; annual penetration test commitment; IR tabletop evidence. | C6: Approval Owner | D6: CISO / Legal / Customer Operations
A7: Production Use | B7: Limited implementation only until high findings are closed. | C7: Risk Acceptance | D7: Not recommended for unresolved high findings
A8: Executive Message | B8: This is a managed business-risk decision, not a simple pass/fail checklist. | C8: Next Review | D8: 46612
A9: Interview Talking Point | B9: Conditional approval supports the business while preserving risk accountability. | C9: Assessment Date | D9: 46247
A10: Portfolio Skill | B10: Vendor classification, evidence review, findings, remediation tracking, and decision documentation. | C10: Primary Standard | D10: NIST SP 800-161 Rev. 1 Update 1

Sheet References
A1: Reference | B1: URL | C1: Use in Workbook
A2: NIST SP 800-161 Rev. 1 Update 1 | B2: https://csrc.nist.gov/pubs/sp/800/161/r1/upd1/final | C2: Supply-chain cybersecurity risk methodology
A3: NIST CSF 2.0 | B3: https://www.nist.gov/cyberframework | C3: Governance and supply-chain outcome alignment
A4: NIST IR 8286 Rev. 1 | B4: https://csrc.nist.gov/pubs/ir/8286/r1/final | C4: Enterprise-risk reporting context
A5: NIST SP 800-53 Rev. 5 Release 5.2.0 | B5: https://csrc.nist.gov/News/2025/nist-releases-revision-to-sp-800-53-controls | C5: Control references
A6: NIST SP 800-53A Rev. 5 | B6: https://csrc.nist.gov/pubs/sp/800/53/a/r5/final | C6: Evidence and assessment logic
A7: NIST SP 800-61 Rev. 3 | B7: https://csrc.nist.gov/pubs/sp/800/61/r3/final | C7: Incident response and notification review
A8: CIS Controls v8.1 | B8: https://www.cisecurity.org/controls/v8-1 | C8: Practical safeguard mapping
A9: ISO/IEC 27001:2022/Amd 1:2024 | B9: https://www.iso.org/standard/88435.html | C9: ISMS alignment
A10: ISO/IEC 27002:2022 | B10: https://www.iso.org/standard/75652.html | C10: Security control guidance
A11: ISO/IEC 27017:2026 | B11: https://www.iso.org/standard/43757.html | C11: Cloud-service control considerations
A12: AICPA TSC revised points of focus 2022 | B12: https://www.aicpa-cima.com/resources/download/2017-trust-services-criteria-with-revised-points-of-focus-2022 | C12: SOC 2 evidence review
