Workbook

Sheet Dashboard
A1: Pinecastle - SOC 2 Readiness and Evidence
A3: Controls | B3: =COUNTA('Control Matrix'!A2:A23) | D3: Readiness Area | E3: Ready | F3: Partial | G3: Not Ready | H3: Main Issue
A4: Ready Controls | B4: =COUNTIF('Control Matrix'!G2:G23,"Ready") | D4: Access Control | E4: =COUNTIFS('Control Matrix'!$J$2:$J$23,$D4,'Control Matrix'!$G$2:$G$23,E$3) | F4: =COUNTIFS('Control Matrix'!$J$2:$J$23,$D4,'Control Matrix'!$G$2:$G$23,F$3) | G4: =COUNTIFS('Control Matrix'!$J$2:$J$23,$D4,'Control Matrix'!$G$2:$G$23,G$3) | H4: MFA exceptions and review evidence
A5: Partial Controls | B5: =COUNTIF('Control Matrix'!G2:G23,"Partial") | D5: Security Operations | E5: =COUNTIFS('Control Matrix'!$J$2:$J$23,$D5,'Control Matrix'!$G$2:$G$23,E$3) | F5: =COUNTIFS('Control Matrix'!$J$2:$J$23,$D5,'Control Matrix'!$G$2:$G$23,F$3) | G5: =COUNTIFS('Control Matrix'!$J$2:$J$23,$D5,'Control Matrix'!$G$2:$G$23,G$3) | H5: IR tabletop and vulnerability evidence
A6: Not Ready Controls | B6: =COUNTIF('Control Matrix'!G2:G23,"Not Ready") | D6: Availability | E6: =COUNTIFS('Control Matrix'!$J$2:$J$23,$D6,'Control Matrix'!$G$2:$G$23,E$3) | F6: =COUNTIFS('Control Matrix'!$J$2:$J$23,$D6,'Control Matrix'!$G$2:$G$23,F$3) | G6: =COUNTIFS('Control Matrix'!$J$2:$J$23,$D6,'Control Matrix'!$G$2:$G$23,G$3) | H6: Restore evidence
A7: Open Findings | B7: =COUNTIF('Audit Findings'!I2:I7,"Open") | D7: Vendor / Cloud | E7: =COUNTIFS('Control Matrix'!$J$2:$J$23,$D7,'Control Matrix'!$G$2:$G$23,E$3) | F7: =COUNTIFS('Control Matrix'!$J$2:$J$23,$D7,'Control Matrix'!$G$2:$G$23,F$3) | G7: =COUNTIFS('Control Matrix'!$J$2:$J$23,$D7,'Control Matrix'!$G$2:$G$23,G$3) | H7: Critical vendor and cloud exception review
A8: Readiness | B8: =COUNTIF('Control Matrix'!G2:G23,"Ready")/COUNTA('Control Matrix'!A2:A23) | D8: Governance / Evidence | E8: =COUNTIFS('Control Matrix'!$J$2:$J$23,$D8,'Control Matrix'!$G$2:$G$23,E$3) | F8: =COUNTIFS('Control Matrix'!$J$2:$J$23,$D8,'Control Matrix'!$G$2:$G$23,F$3) | G8: =COUNTIFS('Control Matrix'!$J$2:$J$23,$D8,'Control Matrix'!$G$2:$G$23,G$3) | H8: Evidence ownership and policy cadence
A9: Assessment Date | B9: 46276
D10: TOTAL | E10: =SUM(E4:E8) | F10: =SUM(F4:F8) | G10: =SUM(G4:G8) | H10: =SUM(E10:G10)&" controls; matches overall: "&IF(SUM(E10:G10)=B3,"Yes","No")

Sheet Control Matrix
A1: Control ID | B1: Control Name | C1: TSC Area | D1: Trust Service Category | E1: Owner | F1: Frequency | G1: Readiness Status | H1: Evidence Needed | I1: Evidence Review Priority | J1: Readiness Area
A2: AC-01 | B2: MFA Enforcement | C2: CC6 | D2: Security | E2: VP of IT | F2: Continuous | G2: Partial | H2: MFA configuration and enrollment report | I2: High | J2: Access Control
A3: AC-02 | B3: Access Reviews | C3: CC6 | D3: Security | E3: GRC Lead | F3: Quarterly | G3: Partial | H3: Q access review evidence | I3: Medium | J3: Access Control
A4: AC-03 | B4: Terminated User Removal | C4: CC6 | D4: Security | E4: People Ops | F4: Per termination | G4: Ready | H4: Termination ticket and deactivation log | I4: Medium | J4: Access Control
A5: VM-01 | B5: Vulnerability Scanning | C5: CC7 | D5: Security | E5: Security Engineer | F5: Monthly | G5: Partial | H5: Monthly scan report | I5: Medium | J5: Security Operations
A6: VM-02 | B6: Critical Vulnerability SLA | C6: CC7 | D6: Security | E6: Security Engineer | F6: Monthly | G6: Partial | H6: Aging report and exceptions | I6: Medium | J6: Security Operations
A7: LOG-01 | B7: Security Logging | C7: CC7 | D7: Security | E7: Security Ops | F7: Continuous | G7: Partial | H7: Log source inventory | I7: Medium | J7: Security Operations
A8: IR-01 | B8: Incident Response Plan | C8: CC7 | D8: Security | E8: CISO | F8: Annual | G8: Ready | H8: Approved IR plan | I8: Medium | J8: Security Operations
A9: IR-02 | B9: Incident Tabletop | C9: CC7 | D9: Security | E9: CISO | F9: Annual | G9: Not Ready | H9: Tabletop evidence | I9: Medium | J9: Security Operations
A10: BC-01 | B10: Backup Monitoring | C10: A1 | D10: Availability | E10: Infrastructure | F10: Daily | G10: Ready | H10: Backup logs | I10: Medium | J10: Availability
A11: BC-02 | B11: Restore Testing | C11: A1 | D11: Availability | E11: Infrastructure | F11: Annual | G11: Partial | H11: Restore test record | I11: Medium | J11: Availability
A12: TPRM-01 | B12: Critical Vendor Review | C12: CC9 | D12: Security | E12: GRC Lead | F12: Annual | G12: Partial | H12: Vendor review evidence | I12: High | J12: Vendor / Cloud
... A23: MON-01 | B23: Security Metrics Reporting | C23: CC4 | D23: Security | E23: CISO | F23: Quarterly | G23: Partial | H23: Security metrics dashboard | I23: Medium | J23: Governance / Evidence

Sheet PBC Tracker
A1: Request ID | B1: Control ID | C1: Evidence Requested | D1: Owner | E1: Due Date | F1: Status | G1: Auditor-Style Comment | H1: Priority
A2: PBC-001 | B2: AC-01 | C2: MFA configuration export | D2: VP of IT | E2: 46281 | F2: Received | G2: Covers employees; contractor exceptions need follow-up | H2: High
A3: PBC-002 | B3: AC-02 | C3: Q2 access review evidence | D3: GRC Lead | E3: 46288 | F3: Partial | G3: Missing approval timestamp | H3: Medium
A4: PBC-003 | B4: VM-01 | C4: Monthly vulnerability scan reports | D4: Security Engineer | E4: 46290 | F4: Received | G4: Need aging summary | H4: Medium
A5: PBC-004 | B5: IR-02 | C5: Incident tabletop evidence | D5: CISO | E5: 46315 | F5: Missing | G5: No current-year exercise | H5: Medium
A6: PBC-005 | B6: BC-02 | C6: Backup restoration test | D6: Infrastructure | E6: 46322 | F6: Partial | G6: Restore test scheduled | H6: Medium
A7: PBC-006 | B7: TPRM-01 | C7: Critical vendor review evidence | D7: GRC Lead | E7: 46290 | F7: Partial | G7: DataFlow findings open | H7: High
A8: PBC-007 | B8: CHG-01 | C8: Production change sample | D8: Engineering | E8: 46290 | F8: Received | G8: No exception noted | H8: Medium
A9: PBC-008 | B9: SEC-01 | C9: Training completion report | D9: People Ops | E9: 46300 | F9: Partial | G9: Contractor report missing | H9: Low
A10: PBC-009 | B10: POL-01 | C10: Approved policy set | D10: GRC Lead | E10: 46281 | F10: Received | G10: Review calendar needed | H10: Medium
A11: PBC-010 | B11: CLD-01 | C11: Cloud configuration monitoring report | D11: Cloud Engineering | E11: 46311 | F11: Partial | G11: Exceptions not formally reviewed | H11: High
A12: PBC-011 | B12: LOG-01 | C12: Log source inventory and alert routing matrix | D12: Security Ops | E12: 46300 | F12: Missing | G12: Inventory not started; see SOCF-006 | H12: Medium
A13: PBC-012 | B13: EVD-01 | C13: Evidence owner matrix | D13: GRC Lead | E13: 46290 | F13: Partial | G13: Draft names owners for 14 of 22 controls | H13: Medium
A14: PBC-013 | B14: PRIV-01 | C14: Privacy notice and customer DPA template | D14: Legal | E14: 46304 | F14: Received | G14: DPA subprocessor list predates DataFlow AI | H14: Low

Sheet Audit Findings
A1: Finding ID | B1: Control ID | C1: Finding | D1: Severity | E1: Root Cause | F1: Corrective Action | G1: Owner | H1: Target Date | I1: Status
A2: SOCF-001 | B2: AC-01 | C2: Contractor MFA evidence incomplete | D2: High | E2: Contractor identity process outside normal evidence review | F2: Require contractor MFA report and update onboarding | G2: VP of IT | H2: 46290 | I2: Open
A3: SOCF-002 | B3: AC-02 | C3: Access review approval evidence incomplete | D3: Medium | E3: Manual review evidence lacks timestamp | F3: Adopt dated approval workflow | G3: GRC Lead | H3: 46315 | I3: Open
A4: SOCF-003 | B4: IR-02 | C4: No current-year tabletop evidence | D4: Medium | E4: Exercise not completed before readiness review | F4: Conduct tabletop and retain lessons learned | G4: CISO | H4: 46338 | I4: Planned
A5: SOCF-004 | B5: VM-02 | C5: Critical vulnerability SLA exceptions not formally approved | D5: Medium | E5: Exception process not consistently documented | F5: Require risk acceptance for overdue criticals | G5: Security Engineer | H5: 46322 | I5: Open
A6: SOCF-005 | B6: EVD-01 | C6: Evidence ownership decentralized | D6: Medium | E6: Evidence retained across multiple team folders | F6: Create evidence owner matrix and central tracker | G6: GRC Lead | H6: 46290 | I6: In Progress
A7: SOCF-006 | B7: LOG-01 | C7: No log source inventory or named alert owners for SaaS audit logs | D7: Medium | E7: Logging was enabled tool by tool with no inventory step | F7: Build log source inventory and alert routing matrix | G7: Security Ops | H7: 46322 | I7: Open

Sheet Remediation Tracker
A1: Finding ID | B1: Action | C1: Owner | D1: Target Date | E1: Status | F1: Validation Method | G1: Executive Escalation | H1: Closure Evidence
A2: SOCF-001 | B2: Require contractor MFA report and update onboarding | C2: VP of IT | D2: 46290 | E2: Open | F2: Inspect updated evidence and confirm exception closure | G2: Escalate if not closed before audit period | H2: Contractor MFA report showing every active contractor enrolled
A3: SOCF-002 | B3: Adopt dated approval workflow | C3: GRC Lead | D3: 46315 | E3: Open | F3: Inspect updated evidence and confirm exception closure | G3: Track in readiness sprint | H3: Next quarterly review with a dated approval
A4: SOCF-003 | B4: Conduct tabletop and retain lessons learned | C4: CISO | D4: 46338 | E4: Planned | F4: Inspect updated evidence and confirm exception closure | G4: Track in readiness sprint | H4: Exercise report and lessons-learned tickets
A5: SOCF-004 | B5: Require risk acceptance for overdue criticals | C5: Security Engineer | D5: 46322 | E5: Open | F5: Inspect updated evidence and confirm exception closure | G5: Track in readiness sprint | H5: Approved exception record for each overdue critical
A6: SOCF-005 | B6: Create evidence owner matrix and central tracker | C6: GRC Lead | D6: 46290 | E6: In Progress | F6: Inspect updated evidence and confirm exception closure | G6: Track in readiness sprint | H6: Evidence owner matrix covering all 22 controls
A7: SOCF-006 | B7: Build log source inventory and alert routing matrix | C7: Security Ops | D7: 46322 | E7: Open | F7: Inspect inventory against cloud, identity, and SaaS sources; test one alert route end to end | G7: Track in readiness sprint | H7: Inventory plus one tested alert route per critical source

Sheet Readiness Report
A1: Readiness Summary
A3: Overall Status | B3: Partially Ready | C3: Executive Message | D3: Do not begin audit period until high-priority evidence gaps close.
A4: Top Blocker | B4: Contractor MFA evidence | C4: Severity | D4: High
A5: 60-90 Day Sprint | B5: Close access, IR, vulnerability, backup, and evidence ownership gaps. | C5: Owner | D5: CISO / GRC
A6: Report Type | B6: Type I first. The Type II observation window starts only after the readiness retest passes. | C6: Decision Owner | D6: CISO
A7: Next Step | B7: Complete remediation tracker and conduct internal readiness retest. | C7: Target | D7: 46351
A8: Customer Value | B8: Improves security questionnaire responses and future audit readiness. | C8: Customer Commitment | D8: No audit date promised to customers until the retest passes
A9: Audit Risk | B9: Missing or incomplete evidence may delay audit or create exceptions. | C9: Decision | D9: Readiness sprint required
A10: Assessment Date | B10: 46276 | C10: Primary Criteria | D10: AICPA Trust Services Criteria

Sheet References
A1: Reference | B1: URL | C1: Use
A2: NIST CSF 2.0 | B2: https://www.nist.gov/cyberframework | C2: Program outcomes and governance alignment
A3: NIST SP 800-53 Rev. 5 Release 5.2.0 | B3: https://csrc.nist.gov/News/2025/nist-releases-revision-to-sp-800-53-controls | C3: Control catalog reference
A4: NIST SP 800-53A Rev. 5 | B4: https://csrc.nist.gov/pubs/sp/800/53/a/r5/final | C4: Control assessment and test procedure reference
A5: CIS Controls v8.1 | B5: https://www.cisecurity.org/controls/v8-1 | C5: Practical safeguard mapping
A6: ISO/IEC 27001:2022/Amd 1:2024 | B6: https://www.iso.org/standard/88435.html | C6: ISMS requirements
A7: ISO/IEC 27002:2022 | B7: https://www.iso.org/standard/75652.html | C7: Security control guidance
A8: ISO/IEC 27017:2026 | B8: https://www.iso.org/standard/43757.html | C8: Cloud-service control guidance
A9: AICPA Trust Services Criteria with revised points of focus 2022 | B9: https://www.aicpa-cima.com/resources/download/2017-trust-services-criteria-with-revised-points-of-focus-2022 | C9: SOC 2 readiness criteria
A10: NIST SP 800-61 Rev. 3 | B10: https://csrc.nist.gov/pubs/sp/800/61/r3/final | C10: Incident-response control guidance
A11: NIST SP 800-161 Rev. 1 Update 1 | B11: https://csrc.nist.gov/pubs/sp/800/161/r1/upd1/final | C11: Supply-chain controls
A12: Scenario dates and rating definitions | B12: Fictional assessment assumptions; see shared company profile | C12: ../../00-company-profile/Pinecastle-Company-and-GRC-Scope.md
