Workbook

Sheet POA&M
A1: TAILSPIN CIVIC SYSTEMS, INC. — PLAN OF ACTION AND MILESTONES (POA&M) | T1: Status Date (input): | U1: 46112
A2: AwardWorks Platform (SaaS) | FedRAMP Moderate | Reporting Period: Q1 2026 | Status Date: 2026-03-31 | Fictional organization. Created for portfolio demonstration purposes.
A4: POA&M ID | B4: Weakness Name | C4: Weakness Description | D4: Source of Discovery | E4: NIST 800-53 Control(s) | F4: Asset Identifier | G4: Severity | H4: Likelihood | I4: Impact | J4: Risk Rating | K4: Point of Contact | L4: Remediation Plan | M4: Scheduled Completion Date | N4: Milestones | O4: Status | P4: Days Open | Q4: Overdue? | R4: Deviation / Risk Acceptance
A5: V-001 | B5: Untimely Remediation of High-Severity Vulnerabilities | C5: Authenticated vulnerability scans identified 14 High-severity findings that exceeded the FedRAMP 30-day remediation window for Moderate systems. Root cause: patching pipeline lacked automated escalation when an SLA breach was approaching. | D5: Monthly ConMon Scan / 3PAO Assessment | E5: RA-5, SI-2 | F5: Application Tier (web-app-prod-01 through 06) | G5: High | H5: High | I5: High | J5: High | K5: Director of Platform Engineering | L5: Implement automated SLA-based escalation in the vulnerability management pipeline; remediate the 14 open High findings; institute weekly SLA burn-down review. | M5: 46203 | N5: M1: Remediate all open High findings (2026-05-15); M2: Deploy automated SLA escalation (2026-06-15); M3: Validate with clean scan cycle (2026-06-30) | O5: In Progress | P5: =IF(O5="Closed","",MAX(0,$U$1-DATE(2026,3,1))) | Q5: =IF(O5="Closed","No",IF(M5<$U$1,"YES","No"))
A6: V-002 | B6: Configuration Drift from Approved Hardening Baseline | C6: Assessment sampling identified three application servers with configuration settings deviating from the approved CIS Level 1 hardening baseline, including a non-compliant SSH configuration and a disabled host-based audit daemon. | D6: 3PAO Assessment (Technical Test) | E6: CM-6 | F6: app-srv-04, app-srv-07, app-srv-11 | G6: Moderate | H6: Moderate | I6: Moderate | J6: Moderate | K6: Cloud Infrastructure Lead | L6: Re-image affected hosts from the approved AMI; enable AWS Config drift detection with automatic remediation for baseline settings; add drift check to deployment gate. | M6: 46173 | N6: M1: Re-image affected hosts (2026-04-15); M2: Enable Config auto-remediation rules (2026-05-15); M3: Add pre-deploy drift gate to CI (2026-05-31) | O6: In Progress | P6: =IF(O6="Closed","",MAX(0,$U$1-DATE(2026,3,1))) | Q6: =IF(O6="Closed","No",IF(M6<$U$1,"YES","No"))
A7: V-003 | B7: Incomplete Logging of Privileged Function Use | C7: Privileged function execution on the legacy reporting subsystem is not forwarded to the centralized SIEM, creating a gap in the audit trail for administrative actions on that component. | D7: 3PAO Assessment (Technical Test) | E7: AC-6(9), AU-2 | F7: reporting-svc-legacy | G7: Moderate | H7: Moderate | I7: High | J7: Moderate | K7: Security Operations Lead | L7: Deploy log forwarding agent to the legacy reporting subsystem; validate privileged-action event coverage against the approved auditable events list; confirm SIEM ingestion and alerting. | M7: 46157 | N7: M1: Deploy forwarding agent (2026-04-20); M2: Validate event coverage (2026-05-05); M3: Confirm SIEM alerting rules fire (2026-05-15) | O7: In Progress | P7: =IF(O7="Closed","",MAX(0,$U$1-DATE(2026,3,1))) | Q7: =IF(O7="Closed","No",IF(M7<$U$1,"YES","No"))
A8: V-004 | B8: Annual System Recovery Exercise Not Performed | C8: Full-system recovery and reconstitution procedures have not been exercised within the required annual period. Component-level backup restoration has been tested, but an end-to-end recovery validating documented RTO/RPO has not been conducted. | D8: 3PAO Assessment (Interview/Examine) | E8: CP-10 | F8: AwardWorks Platform (system-wide) | G8: Moderate | H8: Low | I8: High | J8: Moderate | K8: Director of Infrastructure | L8: Conduct a full-system recovery exercise in an isolated environment; measure actual RTO/RPO against documented objectives; update the Contingency Plan based on exercise findings. | M8: 46234 | N8: M1: Develop exercise scenario and success criteria (2026-05-30); M2: Execute recovery exercise (2026-07-15); M3: Update Contingency Plan and after-action report (2026-07-31) | O8: Open | P8: =IF(O8="Closed","",MAX(0,$U$1-DATE(2026,3,1))) | Q8: =IF(O8="Closed","No",IF(M8<$U$1,"YES","No"))
A9: V-005 | B9: Inconsistent Audit Log Review Evidence | C9: The documented weekly audit log review procedure was not consistently evidenced for a two-month period. Reviews may have occurred but were not recorded in a manner that supports assessment. | D9: 3PAO Assessment (Examine) | E9: AU-6 | F9: SIEM Platform | G9: Low | H9: Moderate | I9: Low | J9: Low | K9: Security Operations Lead | L9: Implement a ticketed workflow that generates an auditable record for each weekly log review, including reviewer, date, findings, and escalations; backfill process documentation. | M9: 46142 | N9: M1: Build ticketed review workflow (2026-04-10); M2: Complete four consecutive evidenced review cycles (2026-04-30) | O9: In Progress | P9: =IF(O9="Closed","",MAX(0,$U$1-DATE(2026,3,1))) | Q9: =IF(O9="Closed","No",IF(M9<$U$1,"YES","No"))
A10: V-006 | B10: Incident Reporting Timeline Not Exercised | C10: The one-hour US-CERT and FedRAMP ISSO incident notification requirement is documented in the Incident Response Plan but has not been validated through a tabletop or live exercise, creating uncertainty about the organization's ability to meet the timeline. | D10: 3PAO Assessment (Interview) | E10: IR-6, IR-4 | F10: Incident Response Program | G10: Moderate | H10: Moderate | I10: Moderate | J10: Moderate | K10: Incident Response Lead | L10: Conduct a tabletop exercise specifically testing notification timelines to US-CERT and the FedRAMP ISSO; document actual elapsed times; update the IR Plan and contact roster based on results. | M10: 46188 | N10: M1: Develop tabletop scenario (2026-05-01); M2: Execute tabletop with Legal and Communications (2026-06-01); M3: Update IR Plan and roster (2026-06-15) Later evidence (AAR approved 2026-06-04, sections 8–11): original 2026-06-15 completion is incompatible with corrective actions due 2026-06-30 and 2026-07-15. Reason: notification draft took 64 minutes against 60; severity classification was delayed. Follow-up exercise recommended by 2026-09-30. Original date retained; approved revised closure date not recorded. | O10: Open | P10: =IF(O10="Closed","",MAX(0,$U$1-DATE(2026,3,1))) | Q10: =IF(O10="Closed","No",IF(M10<$U$1,"YES","No"))
A11: V-007 | B11: Late Submission of Continuous Monitoring Deliverables | C11: Monthly continuous monitoring deliverables (scan results, POA&M updates, inventory) were submitted after the required deadline in two of the last six reporting cycles. | D11: FedRAMP ConMon Review | E11: CA-7 | F11: ConMon Program | G11: Low | H11: Moderate | I11: Low | J11: Low | K11: ISSO | L11: Automate ConMon deliverable assembly and add calendar-driven internal deadlines five business days ahead of the external due date; assign a documented backup submitter. | M11: 46173 | N11: M1: Automate deliverable package generation (2026-05-01); M2: Establish internal deadline and backup owner (2026-05-15); M3: Two consecutive on-time cycles (2026-05-31) | O11: In Progress | P11: =IF(O11="Closed","",MAX(0,$U$1-DATE(2026,3,1))) | Q11: =IF(O11="Closed","No",IF(M11<$U$1,"YES","No"))
A12: V-008 | B12: Shared Service Account Used by Batch Processing Jobs | C12: A shared service account with elevated database privileges is used by four batch processing jobs, preventing attribution of database actions to a specific process and violating least-privilege and individual-accountability requirements. | D12: Internal Self-Assessment | E12: AC-2, AC-6 | F12: awardworks-batch-db | G12: Moderate | H12: High | I12: Moderate | J12: High | K12: Director of Platform Engineering | L12: Migrate each batch job to a dedicated IAM database role scoped to the minimum required privileges; eliminate the shared account; verify attribution in database audit logs. | M12: 46265 | N12: M1: Inventory required privileges per job (2026-05-30); M2: Create scoped roles and migrate jobs (2026-07-31); M3: Disable shared account and validate logs (2026-08-31) | O12: Open | P12: =IF(O12="Closed","",MAX(0,$U$1-DATE(2026,3,1))) | Q12: =IF(O12="Closed","No",IF(M12<$U$1,"YES","No"))

Sheet POA&M Summary
A1: POA&M SUMMARY — Q1 2026
A2: Counts derived from the POA&M tab.
A4: Risk Rating | B4: Open | C4: In Progress | D4: Closed | E4: Total
A5: High | B5: =COUNTIFS('POA&M'!$J$5:$J$12,$A5,'POA&M'!$O$5:$O$12,"Open") | C5: =COUNTIFS('POA&M'!$J$5:$J$12,$A5,'POA&M'!$O$5:$O$12,"In Progress") | D5: =COUNTIFS('POA&M'!$J$5:$J$12,$A5,'POA&M'!$O$5:$O$12,"Closed") | E5: =SUM(B5:D5)
A6: Moderate | B6: =COUNTIFS('POA&M'!$J$5:$J$12,$A6,'POA&M'!$O$5:$O$12,"Open") | C6: =COUNTIFS('POA&M'!$J$5:$J$12,$A6,'POA&M'!$O$5:$O$12,"In Progress") | D6: =COUNTIFS('POA&M'!$J$5:$J$12,$A6,'POA&M'!$O$5:$O$12,"Closed") | E6: =SUM(B6:D6)
A7: Low | B7: =COUNTIFS('POA&M'!$J$5:$J$12,$A7,'POA&M'!$O$5:$O$12,"Open") | C7: =COUNTIFS('POA&M'!$J$5:$J$12,$A7,'POA&M'!$O$5:$O$12,"In Progress") | D7: =COUNTIFS('POA&M'!$J$5:$J$12,$A7,'POA&M'!$O$5:$O$12,"Closed") | E7: =SUM(B7:D7)
A8: TOTAL | B8: =B5+B6+B7 | C8: =C5+C6+C7 | D8: =D5+D6+D7 | E8: =E5+E6+E7
A10: Overdue Items | B10: =COUNTIF('POA&M'!$Q$5:$Q$12,"YES")
A11: Next Milestone Due | B11: =TEXT(MIN('POA&M'!$M$5:$M$12),"yyyy-mm-dd")

Sheet Legend
A1: POA&M — LEGEND & METHODOLOGY
A2: Purpose | B2: The Plan of Action and Milestones is the authoritative tracking document for every security weakness identified in a federal system. It is a required deliverable under FISMA and FedRAMP and is submitted to the Authorizing Official on a monthly continuous monitoring cadence.
A3: Editable input cell | B3: Cell U1 on the POA&M tab (yellow) is the Status Date. Change it and the Overdue? column recalculates against every scheduled completion date.
A4: Sources of Discovery | B4: 3PAO Assessment | Monthly ConMon Scan | Internal Self-Assessment | Penetration Test | Incident | FedRAMP ConMon Review | Customer-Reported
A5: Risk Rating | B5: Derived from Likelihood and Impact. FedRAMP remediation timelines: High = 30 days, Moderate = 90 days, Low = 180 days from discovery.
A6: Traceability | B6: Each POA&M ID maps back to a control marked 'Other Than Satisfied' in the SCTM, and forward to the findings documented in the Security Assessment Report.
A7: Deviation / Risk Acceptance | B7: Where a weakness cannot be remediated within required timelines, a formal deviation request (Risk Adjustment, False Positive, or Operational Requirement) must be submitted to and approved by the Authorizing Official.
A8: Closure | B8: A POA&M item may only be closed with evidence of remediation validated by the ISSO — typically a clean scan, a re-test result, or an assessed artifact.
