Workbook

Sheet Dashboard
A1: Pinecastle - Cyber Risk Assessment
A3: Total Risks | B3: =COUNTA('Risk Register'!A2:A23) | D3: Residual Rating | E3: Count | F3: Management Meaning | G3: Primary Action | H3: Escalation
A4: Critical Residual Risks | B4: =COUNTIF('Risk Register'!P2:P23,"Critical") | D4: Critical | E4: =COUNTIF('Risk Register'!P2:P23,"Critical") | F4: Immediate leadership decision | G4: Escalate and fund | H4: Executive
A5: High Residual Risks | B5: =COUNTIF('Risk Register'!P2:P23,"High") | D5: High | E5: =COUNTIF('Risk Register'!P2:P23,"High") | F5: Prioritized remediation | G5: Track to due date | H5: CISO / owner
A6: Open / Planned Actions | B6: =COUNTIF('Risk Register'!U2:U23,"<>Complete") | D6: Medium | E6: =COUNTIF('Risk Register'!P2:P23,"Medium") | F6: Managed through plan | G6: Monitor | H6: Control owner
A7: Top Residual Score | B7: =MAX('Risk Register'!O2:O23) | D7: Low | E7: =COUNTIF('Risk Register'!P2:P23,"Low") | F7: Routine monitoring | G7: Maintain | H7: Operational
A8: Assessment Date | B8: 46247
A11: Top Residual Risks | B11: Business Process | C11: Asset | D11: Residual Score | E11: Residual Rating | F11: Treatment | G11: Owner | H11: Due Date
A12: =INDEX('Risk Register'!$A$2:$A$23,MATCH(ROWS($A$12:A12),'Risk Register'!$Y$2:$Y$23,0)) | B12: =INDEX('Risk Register'!$B$2:$B$23,MATCH(ROWS($A$12:A12),'Risk Register'!$Y$2:$Y$23,0)) | C12: =INDEX('Risk Register'!$C$2:$C$23,MATCH(ROWS($A$12:A12),'Risk Register'!$Y$2:$Y$23,0)) | D12: =INDEX('Risk Register'!$O$2:$O$23,MATCH(ROWS($A$12:A12),'Risk Register'!$Y$2:$Y$23,0)) | E12: =INDEX('Risk Register'!$P$2:$P$23,MATCH(ROWS($A$12:A12),'Risk Register'!$Y$2:$Y$23,0)) | F12: =INDEX('Risk Register'!$Q$2:$Q$23,MATCH(ROWS($A$12:A12),'Risk Register'!$Y$2:$Y$23,0)) | G12: =INDEX('Risk Register'!$S$2:$S$23,MATCH(ROWS($A$12:A12),'Risk Register'!$Y$2:$Y$23,0)) | H12: =INDEX('Risk Register'!$T$2:$T$23,MATCH(ROWS($A$12:A12),'Risk Register'!$Y$2:$Y$23,0))
A13: =INDEX('Risk Register'!$A$2:$A$23,MATCH(ROWS($A$12:A13),'Risk Register'!$Y$2:$Y$23,0)) | B13: =INDEX('Risk Register'!$B$2:$B$23,MATCH(ROWS($A$12:A13),'Risk Register'!$Y$2:$Y$23,0)) | C13: =INDEX('Risk Register'!$C$2:$C$23,MATCH(ROWS($A$12:A13),'Risk Register'!$Y$2:$Y$23,0)) | D13: =INDEX('Risk Register'!$O$2:$O$23,MATCH(ROWS($A$12:A13),'Risk Register'!$Y$2:$Y$23,0)) | E13: =INDEX('Risk Register'!$P$2:$P$23,MATCH(ROWS($A$12:A13),'Risk Register'!$Y$2:$Y$23,0)) | F13: =INDEX('Risk Register'!$Q$2:$Q$23,MATCH(ROWS($A$12:A13),'Risk Register'!$Y$2:$Y$23,0)) | G13: =INDEX('Risk Register'!$S$2:$S$23,MATCH(ROWS($A$12:A13),'Risk Register'!$Y$2:$Y$23,0)) | H13: =INDEX('Risk Register'!$T$2:$T$23,MATCH(ROWS($A$12:A13),'Risk Register'!$Y$2:$Y$23,0))
A14: =INDEX('Risk Register'!$A$2:$A$23,MATCH(ROWS($A$12:A14),'Risk Register'!$Y$2:$Y$23,0)) | B14: =INDEX('Risk Register'!$B$2:$B$23,MATCH(ROWS($A$12:A14),'Risk Register'!$Y$2:$Y$23,0)) | C14: =INDEX('Risk Register'!$C$2:$C$23,MATCH(ROWS($A$12:A14),'Risk Register'!$Y$2:$Y$23,0)) | D14: =INDEX('Risk Register'!$O$2:$O$23,MATCH(ROWS($A$12:A14),'Risk Register'!$Y$2:$Y$23,0)) | E14: =INDEX('Risk Register'!$P$2:$P$23,MATCH(ROWS($A$12:A14),'Risk Register'!$Y$2:$Y$23,0)) | F14: =INDEX('Risk Register'!$Q$2:$Q$23,MATCH(ROWS($A$12:A14),'Risk Register'!$Y$2:$Y$23,0)) | G14: =INDEX('Risk Register'!$S$2:$S$23,MATCH(ROWS($A$12:A14),'Risk Register'!$Y$2:$Y$23,0)) | H14: =INDEX('Risk Register'!$T$2:$T$23,MATCH(ROWS($A$12:A14),'Risk Register'!$Y$2:$Y$23,0))
A15: =INDEX('Risk Register'!$A$2:$A$23,MATCH(ROWS($A$12:A15),'Risk Register'!$Y$2:$Y$23,0)) | B15: =INDEX('Risk Register'!$B$2:$B$23,MATCH(ROWS($A$12:A15),'Risk Register'!$Y$2:$Y$23,0)) | C15: =INDEX('Risk Register'!$C$2:$C$23,MATCH(ROWS($A$12:A15),'Risk Register'!$Y$2:$Y$23,0)) | D15: =INDEX('Risk Register'!$O$2:$O$23,MATCH(ROWS($A$12:A15),'Risk Register'!$Y$2:$Y$23,0)) | E15: =INDEX('Risk Register'!$P$2:$P$23,MATCH(ROWS($A$12:A15),'Risk Register'!$Y$2:$Y$23,0)) | F15: =INDEX('Risk Register'!$Q$2:$Q$23,MATCH(ROWS($A$12:A15),'Risk Register'!$Y$2:$Y$23,0)) | G15: =INDEX('Risk Register'!$S$2:$S$23,MATCH(ROWS($A$12:A15),'Risk Register'!$Y$2:$Y$23,0)) | H15: =INDEX('Risk Register'!$T$2:$T$23,MATCH(ROWS($A$12:A15),'Risk Register'!$Y$2:$Y$23,0))
A16: =INDEX('Risk Register'!$A$2:$A$23,MATCH(ROWS($A$12:A16),'Risk Register'!$Y$2:$Y$23,0)) | B16: =INDEX('Risk Register'!$B$2:$B$23,MATCH(ROWS($A$12:A16),'Risk Register'!$Y$2:$Y$23,0)) | C16: =INDEX('Risk Register'!$C$2:$C$23,MATCH(ROWS($A$12:A16),'Risk Register'!$Y$2:$Y$23,0)) | D16: =INDEX('Risk Register'!$O$2:$O$23,MATCH(ROWS($A$12:A16),'Risk Register'!$Y$2:$Y$23,0)) | E16: =INDEX('Risk Register'!$P$2:$P$23,MATCH(ROWS($A$12:A16),'Risk Register'!$Y$2:$Y$23,0)) | F16: =INDEX('Risk Register'!$Q$2:$Q$23,MATCH(ROWS($A$12:A16),'Risk Register'!$Y$2:$Y$23,0)) | G16: =INDEX('Risk Register'!$S$2:$S$23,MATCH(ROWS($A$12:A16),'Risk Register'!$Y$2:$Y$23,0)) | H16: =INDEX('Risk Register'!$T$2:$T$23,MATCH(ROWS($A$12:A16),'Risk Register'!$Y$2:$Y$23,0))

Sheet Methodology
A1: Risk Scoring Methodology
A3: Likelihood | B3: Label | C3: Definition | E3: Impact | F3: Label | G3: Definition
A4: 1 | B4: Rare | C4: Not expected, but possible under unusual circumstances | E4: 1 | F4: Minimal | G4: Limited internal inconvenience
A5: 2 | B5: Unlikely | C5: Could occur, but not expected annually | E5: 2 | F5: Minor | G5: Some operational disruption or limited data exposure
A6: 3 | B6: Possible | C6: Could occur within the next year | E6: 3 | F6: Moderate | G6: Material process disruption, customer impact, or audit finding
A7: 4 | B7: Likely | C7: Expected or observed in comparable SaaS environments | E7: 4 | F7: Major | G7: Significant customer, legal, financial, or operational impact
A8: 5 | B8: Almost Certain | C8: Expected repeatedly or already occurring | E8: 5 | F8: Severe | G8: Major breach, prolonged outage, regulatory exposure, or board-level impact
A11: Score Range | B11: Rating | C11: Management Meaning
A12: 1-4 | B12: Low | C12: Monitor through normal operations
A13: 5-9 | B13: Medium | C13: Track with named owner
A14: 10-16 | B14: High | C14: Prioritize remediation and report to leadership
A15: 17-25 | B15: Critical | C15: Immediate leadership decision required

Sheet Risk Register
A1: Risk ID | B1: Business Process | C1: Asset | D1: Threat | E1: Vulnerability | F1: Risk Statement | G1: Inherent Likelihood | H1: Inherent Impact | I1: Inherent Score | J1: Inherent Rating | K1: Existing Controls | L1: Control Effectiveness | M1: Residual Likelihood | N1: Residual Impact | O1: Residual Score | P1: Residual Rating | Q1: Treatment | R1: Action Plan | S1: Risk Owner | T1: Due Date | U1: Status | V1: CSF Function | W1: NIST 800-53 Ref | X1: CIS / Other Ref | Y1: Display Rank
A2: R-001 | B2: Identity and Access Management | C2: Okta / Microsoft 365 / AWS Admin | D2: Credential theft | E2: Privileged MFA not consistently phishing-resistant | F2: Unauthorized privileged access may occur because administrator authentication is not consistently hardened, leading to customer data exposure or service disruption. | G2: 5 | H2: 5 | I2: =G2*H2 | J2: =IF(I2>=17,"Critical",IF(I2>=10,"High",IF(I2>=5,"Medium","Low"))) | K2: MFA, SSO, audit logs | L2: Partially Effective | M2: 3 | N2: 5 | O2: =M2*N2 | P2: =IF(O2>=17,"Critical",IF(O2>=10,"High",IF(O2>=5,"Medium","Low"))) | Q2: Mitigate | R2: Enforce phishing-resistant MFA for privileged accounts; complete quarterly privileged access review; remove stale admin accounts. | S2: VP of IT | T2: 46315 | U2: In Progress | V2: GOVERN, PROTECT | W2: AC-2, IA-2 | X2: CIS 6, CIS 5 | Y2: =RANK(O2,$O$2:$O$23,0)+COUNTIF($O$2:O2,O2)-1
A3: R-002 | B3: Business Continuity | C3: Production SaaS Platform | D3: Ransomware | E3: Backup restoration not tested end-to-end | F3: Ransomware or destructive malware may disrupt operations because recovery procedures have not been fully validated. | G3: 4 | H3: 5 | I3: =G3*H3 | J3: =IF(I3>=17,"Critical",IF(I3>=10,"High",IF(I3>=5,"Medium","Low"))) | K3: Endpoint protection, backups, logging | L3: Partially Effective | M3: 3 | N3: 5 | O3: =M3*N3 | P3: =IF(O3>=17,"Critical",IF(O3>=10,"High",IF(O3>=5,"Medium","Low"))) | Q3: Mitigate | R3: Run backup restore test; confirm RTO/RPO; document executive recovery decision process. | S3: Director of Infrastructure | T3: 46351 | U3: Planned | V3: RESPOND, RECOVER | W3: CP-9, CP-10, IR-4 | X3: CIS 11, CIS 17 | Y3: =RANK(O3,$O$2:$O$23,0)+COUNTIF($O$2:O3,O3)-1
A4: R-003 | B4: Cloud Security | C4: AWS S3 / IAM / Network Configurations | D4: Cloud misconfiguration | E4: Manual configuration review and inconsistent preventive guardrails | F4: Customer data may be exposed because cloud storage, network, or IAM settings could be misconfigured without timely detection. | G4: 4 | H4: 5 | I4: =G4*H4 | J4: =IF(I4>=17,"Critical",IF(I4>=10,"High",IF(I4>=5,"Medium","Low"))) | K4: AWS IAM, logging, change review | L4: Partially Effective | M4: 3 | N4: 5 | O4: =M4*N4 | P4: =IF(O4>=17,"Critical",IF(O4>=10,"High",IF(O4>=5,"Medium","Low"))) | Q4: Mitigate | R4: Implement cloud configuration monitoring; require security review for infrastructure changes; review public exposure alerts monthly. | S4: Cloud Engineering Manager | T4: 46322 | U4: In Progress | V4: IDENTIFY, PROTECT, DETECT | W4: CM-2, AC-3, SI-4 | X4: CIS 4, CIS 12 | Y4: =RANK(O4,$O$2:$O$23,0)+COUNTIF($O$2:O4,O4)-1
A5: R-004 | B5: Access Governance | C5: SaaS Applications | D5: Excessive privileges | E5: Access reviews are inconsistent across business applications | F5: Employees may retain excessive privileges because access is not reviewed consistently across SaaS applications. | G5: 4 | H5: 4 | I5: =G5*H5 | J5: =IF(I5>=17,"Critical",IF(I5>=10,"High",IF(I5>=5,"Medium","Low"))) | K5: Manager approvals, SSO groups | L5: Partially Effective | M5: 3 | N5: 4 | O5: =M5*N5 | P5: =IF(O5>=17,"Critical",IF(O5>=10,"High",IF(O5>=5,"Medium","Low"))) | Q5: Mitigate | R5: Define app owners; conduct quarterly access reviews for critical SaaS apps; track exceptions. | S5: GRC Lead | T5: 46370 | U5: Planned | V5: GOVERN, PROTECT | W5: AC-2, AC-6 | X5: CIS 5, CIS 6 | Y5: =RANK(O5,$O$2:$O$23,0)+COUNTIF($O$2:O5,O5)-1
A6: R-005 | B6: Joiner-Mover-Leaver | C6: Okta / SaaS Apps | D6: Former employee access | E6: Deprovisioning depends on timely HR termination notification; residual risk remains if that upstream trigger is delayed. | F6: A delayed HR termination notification could leave a former employee with access before the otherwise operating removal workflow is triggered. | G6: 3 | H6: 4 | I6: =G6*H6 | J6: =IF(I6>=17,"Critical",IF(I6>=10,"High",IF(I6>=5,"Medium","Low"))) | K6: Fictional scenario assumption: SSO deactivation and retained termination records operate consistently when HR notification is received. | L6: Effective | M6: 2 | N6: 4 | O6: =M6*N6 | P6: =IF(O6>=17,"Critical",IF(O6>=10,"High",IF(O6>=5,"Medium","Low"))) | Q6: Mitigate | R6: Maintain automated deprovisioning and monthly termination sampling; monitor timeliness of HR notification. | S6: People Operations Manager | T6: 46290 | U6: In Progress | V6: PROTECT | W6: AC-2, PS-4 | X6: CIS 5 | Y6: =RANK(O6,$O$2:$O$23,0)+COUNTIF($O$2:O6,O6)-1
A7: R-006 | B7: Vendor Management | C7: Critical SaaS Vendors | D7: Vendor outage | E7: Critical vendor continuity requirements not reviewed annually | F7: A critical SaaS vendor outage may disrupt customer support or operations because continuity expectations are not reviewed. | G7: 3 | H7: 4 | I7: =G7*H7 | J7: =IF(I7>=17,"Critical",IF(I7>=10,"High",IF(I7>=5,"Medium","Low"))) | K7: Vendor contracts, status pages | L7: Partially Effective | M7: 3 | N7: 3 | O7: =M7*N7 | P7: =IF(O7>=17,"Critical",IF(O7>=10,"High",IF(O7>=5,"Medium","Low"))) | Q7: Transfer / Mitigate | R7: Tier vendors; document continuity requirements; review SOC reports and BCP statements annually. | S7: Procurement Manager | T7: 46399 | U7: Not Started | V7: GOVERN, IDENTIFY | W7: SR-3, CP-2 | X7: CIS 15 | Y7: =RANK(O7,$O$2:$O$23,0)+COUNTIF($O$2:O7,O7)-1
A8: R-007 | B8: Third-Party Risk | C8: Customer Data Processors | D8: Third-party breach | E8: Vendor security reviews are inconsistent by risk tier | F8: Customer data may be exposed through a vendor breach because critical vendors are not assessed with consistent due diligence. | G8: 4 | H8: 5 | I8: =G8*H8 | J8: =IF(I8>=17,"Critical",IF(I8>=10,"High",IF(I8>=5,"Medium","Low"))) | K8: Contract review, limited questionnaires | L8: Partially Effective | M8: 3 | N8: 5 | O8: =M8*N8 | P8: =IF(O8>=17,"Critical",IF(O8>=10,"High",IF(O8>=5,"Medium","Low"))) | Q8: Mitigate | R8: Implement NIST SP 800-161-aligned vendor tiering; require annual critical vendor reviews. | S8: GRC Lead | T8: 46378 | U8: Planned | V8: GOVERN, IDENTIFY | W8: SR-3, SR-6 | X8: CIS 15 | Y8: =RANK(O8,$O$2:$O$23,0)+COUNTIF($O$2:O8,O8)-1
A9: R-008 | B9: Data Protection | C9: Backups / Data Stores | D9: Backup failure | E9: Backup monitoring lacks periodic restore evidence | F9: Critical data may not be recoverable because backups are monitored but restoration is not periodically evidenced. | G9: 3 | H9: 5 | I9: =G9*H9 | J9: =IF(I9>=17,"Critical",IF(I9>=10,"High",IF(I9>=5,"Medium","Low"))) | K9: Automated backups | L9: Partially Effective | M9: 2 | N9: 5 | O9: =M9*N9 | P9: =IF(O9>=17,"Critical",IF(O9>=10,"High",IF(O9>=5,"Medium","Low"))) | Q9: Mitigate | R9: Schedule quarterly restore testing and document results. | S9: Director of Infrastructure | T9: 46351 | U9: Planned | V9: RECOVER | W9: CP-9, CP-10 | X9: CIS 11 | Y9: =RANK(O9,$O$2:$O$23,0)+COUNTIF($O$2:O9,O9)-1
A10: R-009 | B10: Vulnerability Management | C10: Production Systems | D10: Known vulnerability exploitation | E10: Remediation SLAs are not consistently enforced | F10: Attackers may exploit known vulnerabilities because critical findings do not always meet remediation SLAs. | G10: 4 | H10: 4 | I10: =G10*H10 | J10: =IF(I10>=17,"Critical",IF(I10>=10,"High",IF(I10>=5,"Medium","Low"))) | K10: Scanning, patching | L10: Partially Effective | M10: 3 | N10: 4 | O10: =M10*N10 | P10: =IF(O10>=17,"Critical",IF(O10>=10,"High",IF(O10>=5,"Medium","Low"))) | Q10: Mitigate | R10: Approve remediation SLA; report overdue critical vulnerabilities; document risk exceptions. | S10: Security Engineer | T10: 46322 | U10: In Progress | V10: IDENTIFY, PROTECT | W10: RA-5, SI-2 | X10: CIS 7 | Y10: =RANK(O10,$O$2:$O$23,0)+COUNTIF($O$2:O10,O10)-1
A11: R-010 | B11: Email Security | C11: Microsoft 365 | D11: Phishing / BEC | E11: User reporting and simulation metrics are immature | F11: Business email compromise may occur because phishing resilience and reporting metrics are not mature. | G11: 4 | H11: 4 | I11: =G11*H11 | J11: =IF(I11>=17,"Critical",IF(I11>=10,"High",IF(I11>=5,"Medium","Low"))) | K11: Email filtering, MFA, awareness training | L11: Partially Effective | M11: 3 | N11: 4 | O11: =M11*N11 | P11: =IF(O11>=17,"Critical",IF(O11>=10,"High",IF(O11>=5,"Medium","Low"))) | Q11: Mitigate | R11: Run quarterly phishing simulation; track reporting rate; tune mailbox protections. | S11: Security Awareness Owner | T11: 46363 | U11: Planned | V11: PROTECT, DETECT | W11: AT-2, SI-4 | X11: CIS 14, CIS 9 | Y11: =RANK(O11,$O$2:$O$23,0)+COUNTIF($O$2:O11,O11)-1
A12: R-011 | B12: Secure SDLC | C12: GitHub Repositories | D12: Source-code exposure | E12: Repository access and secret scanning exceptions not centrally reviewed | F12: Source code or secrets may be exposed because repository access and secret scanning exceptions are not consistently reviewed. | G12: 3 | H12: 5 | I12: =G12*H12 | J12: =IF(I12>=17,"Critical",IF(I12>=10,"High",IF(I12>=5,"Medium","Low"))) | K12: GitHub access controls, branch protection | L12: Partially Effective | M12: 2 | N12: 5 | O12: =M12*N12 | P12: =IF(O12>=17,"Critical",IF(O12>=10,"High",IF(O12>=5,"Medium","Low"))) | Q12: Mitigate | R12: Review repo access quarterly; enforce secret scanning; document exceptions. | S12: Engineering Manager | T12: 46338 | U12: Planned | V12: PROTECT, DETECT | W12: SA-10, CM-5 | X12: CIS 16 | Y12: =RANK(O12,$O$2:$O$23,0)+COUNTIF($O$2:O12,O12)-1
A13: R-012 | B13: Security Monitoring | C13: Cloud and SaaS Logs | D13: Insufficient logging | E13: Log coverage and alert ownership are not formally mapped | F13: Security incidents may go undetected because key logs and alert owners are not fully documented. | G13: 4 | H13: 4 | I13: =G13*H13 | J13: =IF(I13>=17,"Critical",IF(I13>=10,"High",IF(I13>=5,"Medium","Low"))) | K13: Cloud logs, SaaS logs, endpoint telemetry | L13: Partially Effective | M13: 3 | N13: 4 | O13: =M13*N13 | P13: =IF(O13>=17,"Critical",IF(O13>=10,"High",IF(O13>=5,"Medium","Low"))) | Q13: Mitigate | R13: Map critical logs; define alert owners; test alert routing monthly. | S13: Security Operations Lead | T13: 46322 | U13: In Progress | V13: DETECT | W13: AU-6, SI-4 | X13: CIS 8 | Y13: =RANK(O13,$O$2:$O$23,0)+COUNTIF($O$2:O13,O13)-1
... A20: R-019 | B20: Security Training | C20: Workforce | D20: Human error | E20: Training completion evidence is incomplete for contractors | F20: Security incidents may result from human error because awareness training coverage is not fully evidenced for contractors. | G20: 3 | H20: 3 | I20: =G20*H20 | J20: =IF(I20>=17,"Critical",IF(I20>=10,"High",IF(I20>=5,"Medium","Low"))) | K20: Annual training | L20: Partially Effective | M20: 2 | N20: 3 | O20: =M20*N20 | P20: =IF(O20>=17,"Critical",IF(O20>=10,"High",IF(O20>=5,"Medium","Low"))) | Q20: Mitigate | R20: Extend training tracker to contractors; report overdue completion monthly. | S20: People Operations Manager | T20: 46322 | U20: In Progress | V20: PROTECT | W20: AT-2 | X20: CIS 14 | Y20: =RANK(O20,$O$2:$O$23,0)+COUNTIF($O$2:O20,O20)-1
A21: R-020 | B21: Audit Readiness | C21: Security Evidence | D21: Missing evidence | E21: Control evidence is decentralized | F21: Customer assurance or future SOC 2 readiness may be delayed because control evidence is not centrally organized. | G21: 4 | H21: 4 | I21: =G21*H21 | J21: =IF(I21>=17,"Critical",IF(I21>=10,"High",IF(I21>=5,"Medium","Low"))) | K21: Shared folders and ticketing lack central evidence ownership and review; they do not meet the evidence-governance objective. | L21: Ineffective | M21: 4 | N21: 4 | O21: =M21*N21 | P21: =IF(O21>=17,"Critical",IF(O21>=10,"High",IF(O21>=5,"Medium","Low"))) | Q21: Mitigate | R21: Create evidence inventory; assign evidence owners; establish monthly evidence review for key controls. | S21: GRC Lead | T21: 46378 | U21: Planned | V21: GOVERN | W21: CA-2, CA-7 | X21: SOC 2 CC2, CC3, CC5 | Y21: =RANK(O21,$O$2:$O$23,0)+COUNTIF($O$2:O23,O21)-1
A22: R-021 | B22: Payments | C22: Stripe checkout integration | D22: Card data entering Pinecastle systems | E22: No change-review checkpoint flags edits to the checkout or billing pages | F22: A change to the billing flow could route cardholder data through Pinecastle systems, expanding PCI DSS scope beyond the Stripe-hosted design the company relies on. | G22: 2 | H22: 4 | I22: =G22*H22 | J22: =IF(I22>=17,"Critical",IF(I22>=10,"High",IF(I22>=5,"Medium","Low"))) | K22: Stripe-hosted payment pages; pull-request approvals (CHG-01) | L22: Partially Effective | M22: 2 | N22: 3 | O22: =M22*N22 | P22: =IF(O22>=17,"Critical",IF(O22>=10,"High",IF(O22>=5,"Medium","Low"))) | Q22: Mitigate | R22: Add a payment-flow question to the pull-request template; confirm SAQ A eligibility annually with Finance. | S22: Engineering Manager | T22: 46472 | U22: Not Started | V22: GOVERN, PROTECT | W22: CM-3, SA-9 | X22: PCI DSS v4.0.1 SAQ A | Y22: =RANK(O22,$O$2:$O$23,0)+COUNTIF($O$2:O22,O22)-1
A23: R-022 | B23: Identity and Access Management | C23: Microsoft Entra ID / Microsoft 365 | D23: Policy bypass through a second identity provider | E23: Sign-in policies are set separately in Okta and Entra ID and have not been compared | F23: Users could reach Microsoft 365 through an Entra ID sign-in path that does not apply the Okta MFA and session rules, because the two identity providers are configured separately. | G23: 3 | H23: 4 | I23: =G23*H23 | J23: =IF(I23>=17,"Critical",IF(I23>=10,"High",IF(I23>=5,"Medium","Low"))) | K23: Okta SSO for federated apps; Entra ID security defaults | L23: Partially Effective | M23: 2 | N23: 4 | O23: =M23*N23 | P23: =IF(O23>=17,"Critical",IF(O23>=10,"High",IF(O23>=5,"Medium","Low"))) | Q23: Mitigate | R23: Document which apps authenticate through each provider; align MFA and session policy; block legacy authentication in Entra ID. | S23: VP of IT | T23: 46413 | U23: Not Started | V23: PROTECT | W23: IA-2, AC-2 | X23: CIS 6 | Y23: =RANK(O23,$O$2:$O$23,0)+COUNTIF($O$2:O23,O23)-1

Sheet Treatment Plan
A1: Risk ID | B1: Residual Rating | C1: Action Plan | D1: Owner | E1: Due Date | F1: Status | G1: Priority | H1: Notes
A2: R-001 | B2: ='Risk Register'!P2 | C2: Enforce phishing-resistant MFA for privileged accounts; complete quarterly privileged access review; remove stale admin accounts. | D2: VP of IT | E2: 46315 | F2: In Progress | G2: =B2 | H2: Track in monthly GRC remediation review
A3: R-002 | B3: ='Risk Register'!P3 | C3: Run backup restore test; confirm RTO/RPO; document executive recovery decision process. | D3: Director of Infrastructure | E3: 46351 | F3: Planned | G3: =B3 | H3: Track in monthly GRC remediation review
A4: R-003 | B4: ='Risk Register'!P4 | C4: Implement cloud configuration monitoring; require security review for infrastructure changes; review public exposure alerts monthly. | D4: Cloud Engineering Manager | E4: 46322 | F4: In Progress | G4: =B4 | H4: Track in monthly GRC remediation review
A5: R-004 | B5: ='Risk Register'!P5 | C5: Define app owners; conduct quarterly access reviews for critical SaaS apps; track exceptions. | D5: GRC Lead | E5: 46370 | F5: Planned | G5: =B5 | H5: Track in monthly GRC remediation review
A6: R-005 | B6: ='Risk Register'!P6 | C6: Maintain automated deprovisioning and monthly termination sampling; monitor timeliness of HR notification. | D6: People Operations Manager | E6: 46290 | F6: In Progress | G6: =B6 | H6: Track in monthly GRC remediation review
A7: R-006 | B7: ='Risk Register'!P7 | C7: Tier vendors; document continuity requirements; review SOC reports and BCP statements annually. | D7: Procurement Manager | E7: 46399 | F7: Not Started | G7: =B7 | H7: Track in monthly GRC remediation review
A8: R-007 | B8: ='Risk Register'!P8 | C8: Implement NIST SP 800-161-aligned vendor tiering; require annual critical vendor reviews. | D8: GRC Lead | E8: 46378 | F8: Planned | G8: =B8 | H8: Track in monthly GRC remediation review
A9: R-008 | B9: ='Risk Register'!P9 | C9: Schedule quarterly restore testing and document results. | D9: Director of Infrastructure | E9: 46351 | F9: Planned | G9: =B9 | H9: Track in monthly GRC remediation review
A10: R-009 | B10: ='Risk Register'!P10 | C10: Approve remediation SLA; report overdue critical vulnerabilities; document risk exceptions. | D10: Security Engineer | E10: 46322 | F10: In Progress | G10: =B10 | H10: Track in monthly GRC remediation review
A11: R-010 | B11: ='Risk Register'!P11 | C11: Run quarterly phishing simulation; track reporting rate; tune mailbox protections. | D11: Security Awareness Owner | E11: 46363 | F11: Planned | G11: =B11 | H11: Track in monthly GRC remediation review
A12: R-011 | B12: ='Risk Register'!P12 | C12: Review repo access quarterly; enforce secret scanning; document exceptions. | D12: Engineering Manager | E12: 46338 | F12: Planned | G12: =B12 | H12: Track in monthly GRC remediation review
A13: R-012 | B13: ='Risk Register'!P13 | C13: Map critical logs; define alert owners; test alert routing monthly. | D13: Security Operations Lead | E13: 46322 | F13: In Progress | G13: =B13 | H13: Track in monthly GRC remediation review
... A23: R-022 | B23: ='Risk Register'!P23 | C23: Document which apps authenticate through each provider; align MFA and session policy; block legacy authentication in Entra ID. | D23: VP of IT | E23: 46413 | F23: Not Started | G23: =B23 | H23: Depends on the R-001 privileged MFA work landing first.

Sheet References
A1: Reference | B1: URL | C1: Use in Workbook
A2: NIST CSF 2.0 | B2: https://www.nist.gov/cyberframework | C2: Primary program framework and functions
A3: NIST SP 800-30 Rev. 1 | B3: https://csrc.nist.gov/pubs/sp/800/30/r1/final | C3: Risk-assessment methodology
A4: NIST IR 8286 Rev. 1 | B4: https://csrc.nist.gov/pubs/ir/8286/r1/final | C4: Cybersecurity risk integration with ERM
A5: NIST IR 8286A Rev. 1 | B5: https://csrc.nist.gov/pubs/ir/8286/a/r1/final | C5: Risk identification and estimation for ERM
A6: NIST IR 8286C Rev. 1 | B6: https://csrc.nist.gov/pubs/ir/8286/c/r1/final | C6: Risk staging and governance oversight
A7: NIST SP 1308 | B7: https://csrc.nist.gov/pubs/sp/1308/final | C7: CSF 2.0, ERM, and workforce management
A8: NIST SP 800-53 Rev. 5 Release 5.2.0 | B8: https://csrc.nist.gov/News/2025/nist-releases-revision-to-sp-800-53-controls | C8: Control catalog reference
A9: NIST SP 800-53A Rev. 5 | B9: https://csrc.nist.gov/pubs/sp/800/53/a/r5/final | C9: Control assessment reference
A10: NIST SP 800-161 Rev. 1 Update 1 | B10: https://csrc.nist.gov/pubs/sp/800/161/r1/upd1/final | C10: Supply-chain risk reference
A11: CIS Controls v8.1 | B11: https://www.cisecurity.org/controls/v8-1 | C11: Prioritized safeguards
A12: ISO/IEC 27001:2022/Amd 1:2024 | B12: https://www.iso.org/standard/88435.html | C12: ISMS requirements
... A19: Scenario dates and rating definitions | B19: Fictional assessment assumptions; see shared company profile | C19: ../../00-company-profile/Pinecastle-Company-and-GRC-Scope.md
